{
	"id": "729f6fd3-1a55-4f5e-b819-4ba1dbf5e385",
	"name": "Tableau REST API Environment",
	"values": [
		{
			"key": "server",
			"value": "prod-uswest-c.online.tableau.com",
			"enabled": true
		},
		{
			"key": "api-version",
			"value": "3.25",
			"enabled": true
		},
		{
			"key": "vizql-api-version",
			"value": "v1",
			"type": "default",
			"enabled": true
		},
		{
			"key": "content-url",
			"value": "tcrestapihot",
			"enabled": true
		},
		{
			"key": "site-id",
			"value": "b9b71e5c-be62-40e8-8791-2dc97fe71013",
			"enabled": true
		},
		{
			"key": "site-name",
			"value": "tcrestapihot",
			"enabled": true
		},
		{
			"key": "admin-username",
			"value": "",
			"type": "secret",
			"enabled": true
		},
		{
			"key": "admin-password",
			"value": "",
			"type": "secret",
			"enabled": true
		},
		{
			"key": "admin-PAT-name",
			"value": "",
			"type": "secret",
			"enabled": true
		},
		{
			"key": "admin-PAT-secret",
			"value": "",
			"type": "secret",
			"enabled": true
		},
		{
			"key": "user-username",
			"value": "",
			"type": "secret",
			"enabled": true
		},
		{
			"key": "user-password",
			"value": "",
			"type": "secret",
			"enabled": true
		},
		{
			"key": "user-PAT-name",
			"value": "",
			"type": "secret",
			"enabled": true
		},
		{
			"key": "user-PAT-secret",
			"value": "",
			"type": "secret",
			"enabled": true
		},
		{
			"key": "jwt_secret",
			"value": "fVVCLIbcXPueA+3Nv2OYjz2SpXos6vS8v1lo/tiWsfY=",
			"type": "default",
			"enabled": true
		},
		{
			"key": "jwt_secret_id",
			"value": "972c60a5-0252-4313-97bc-c34115b0c59a",
			"type": "default",
			"enabled": true
		},
		{
			"key": "jwt_client_id",
			"value": "bc99571e-b8ec-45a6-bb69-8c887aa70f17",
			"type": "default",
			"enabled": true
		},
		{
			"key": "username",
			"value": "",
			"type": "default",
			"enabled": true
		},
		{
			"key": "user-id",
			"value": "",
			"type": "default",
			"enabled": true
		},
		{
			"key": "group-name",
			"value": "",
			"type": "default",
			"enabled": true
		},
		{
			"key": "group-id",
			"value": "",
			"type": "default",
			"enabled": true
		},
		{
			"key": "job-id",
			"value": "",
			"type": "default",
			"enabled": true
		},
		{
			"key": "job-name",
			"value": "",
			"type": "default",
			"enabled": true
		},
		{
			"key": "project-id",
			"value": "",
			"enabled": true
		},
		{
			"key": "project-name",
			"value": "",
			"enabled": true
		},
		{
			"key": "upload-session-id",
			"value": "",
			"enabled": true
		},
		{
			"key": "schedule-id",
			"value": "",
			"enabled": true
		},
		{
			"key": "schedule-name",
			"value": "",
			"enabled": true
		},
		{
			"key": "subscription-id",
			"value": "",
			"enabled": true
		},
		{
			"key": "revision-number",
			"value": "",
			"enabled": true
		},
		{
			"key": "view-id",
			"value": "",
			"enabled": true
		},
		{
			"key": "workbook-id",
			"value": "",
			"enabled": true
		},
		{
			"key": "workbook-name",
			"value": "",
			"enabled": true
		},
		{
			"key": "analytics-extensions-host",
			"value": "",
			"enabled": true
		},
		{
			"key": "analytics-extensions-port",
			"value": "",
			"enabled": true
		},
		{
			"key": "analytics-extensions-is-auth-enabled",
			"value": "",
			"enabled": true
		},
		{
			"key": "analytics-extensions-connection-luid",
			"value": "",
			"enabled": true
		},
		{
			"key": "datasource-name",
			"value": "",
			"enabled": true
		},
		{
			"key": "datasource-id",
			"value": "",
			"enabled": true
		},
		{
			"key": "flow-id",
			"value": "",
			"enabled": true
		},
		{
			"key": "flow-name",
			"value": "",
			"enabled": true
		},
		{
			"key": "task-id",
			"value": "",
			"enabled": true
		},
		{
			"key": "flow-run-id",
			"value": "",
			"enabled": true
		},
		{
			"key": "capability-name",
			"value": "",
			"enabled": true
		},
		{
			"key": "capability-mode",
			"value": "",
			"enabled": true
		},
		{
			"key": "data-acceleration-id",
			"value": "",
			"enabled": true
		},
		{
			"key": "table-id",
			"value": "",
			"enabled": true
		},
		{
			"key": "column-id",
			"value": "",
			"enabled": true
		},
		{
			"key": "database-id",
			"value": "",
			"enabled": true
		},
		{
			"key": "data-quality-warning-id",
			"value": "",
			"enabled": true
		},
		{
			"key": "content-type",
			"value": "",
			"enabled": true
		},
		{
			"key": "content-luid",
			"value": "",
			"enabled": true
		},
		{
			"key": "indicator-id",
			"value": "",
			"enabled": true
		},
		{
			"key": "content-id",
			"value": "",
			"enabled": true
		},
		{
			"key": "trigger-id",
			"value": "",
			"enabled": true
		},
		{
			"key": "metric-id",
			"value": "",
			"enabled": true
		},
		{
			"key": "tag-name",
			"value": "",
			"enabled": true
		},
		{
			"key": "connected-app-id",
			"value": "",
			"enabled": true
		},
		{
			"key": "connected-app-name",
			"value": "",
			"enabled": true
		},
		{
			"key": "connected-app-enabled",
			"value": "",
			"enabled": true
		},
		{
			"key": "unrestricted-embedding",
			"value": "",
			"enabled": true
		},
		{
			"key": "domain-safelist",
			"value": "",
			"enabled": true
		},
		{
			"key": "connected-app-secret-id",
			"value": "",
			"enabled": true
		},
		{
			"key": "connected-app-secret-value",
			"value": "",
			"enabled": true
		},
		{
			"key": "data-alert-id",
			"value": "",
			"enabled": true
		},
		{
			"key": "webhook-url",
			"value": "",
			"enabled": true
		},
		{
			"key": "webhook-event",
			"value": "",
			"enabled": true
		},
		{
			"key": "webhook-id",
			"value": "",
			"enabled": true
		},
		{
			"key": "domain-id",
			"value": "",
			"enabled": true
		},
		{
			"key": "session-id",
			"value": "",
			"enabled": true
		},
		{
			"key": "lens-id",
			"value": "",
			"enabled": true
		},
		{
			"key": "block-list-item-luid",
			"value": "",
			"enabled": true
		},
		{
			"key": "safe-list-item-luid",
			"value": "",
			"enabled": true
		},
		{
			"key": "dashboard-extension-url",
			"value": "",
			"enabled": true
		},
		{
			"key": "custom-view-luid",
			"value": "",
			"enabled": true
		},
		{
			"key": "downgrade-target-version",
			"value": "",
			"enabled": true
		},
		{
			"key": "view-name",
			"value": "",
			"enabled": true
		},
		{
			"key": "connection-id",
			"value": "",
			"enabled": true
		},
		{
			"key": "virtual-connection-id",
			"value": "",
			"enabled": true
		},
		{
			"key": "label-id",
			"value": "",
			"enabled": true
		},
		{
			"key": "identity-store-id",
			"value": "",
			"type": "default",
			"enabled": true
		},
		{
			"key": "identity-pool-uuid",
			"value": "",
			"type": "default",
			"enabled": true
		},
		{
			"key": "auth-configuration-id",
			"value": "",
			"type": "default",
			"enabled": true
		},
		{
			"key": "subscription-name",
			"value": "",
			"type": "default",
			"enabled": true
		},
		{
			"key": "attached-image",
			"value": "",
			"type": "default",
			"enabled": true
		},
		{
			"key": "attached-pdf",
			"value": "",
			"type": "default",
			"enabled": true
		},
		{
			"key": "page-orientation",
			"value": "",
			"type": "default",
			"enabled": true
		},
		{
			"key": "page-size-option",
			"value": "",
			"type": "default",
			"enabled": true
		},
		{
			"key": "subscription-message",
			"value": "",
			"type": "default",
			"enabled": true
		},
		{
			"key": "send-if-view-empty",
			"value": "",
			"type": "default",
			"enabled": true
		},
		{
			"key": "schedule-frequency-type",
			"value": "",
			"type": "default",
			"enabled": true
		},
		{
			"key": "frequency-start-time",
			"value": "",
			"type": "default",
			"enabled": true
		},
		{
			"key": "interval-weekday",
			"value": "",
			"type": "default",
			"enabled": true
		},
		{
			"key": "extract-refresh-type",
			"value": "",
			"type": "default",
			"enabled": true
		},
		{
			"key": "schedule-name",
			"value": "",
			"type": "default",
			"enabled": true
		},
		{
			"key": "subscription-subject",
			"value": "",
			"type": "default",
			"enabled": true
		},
		{
			"key": "subscription-suspended",
			"value": "",
			"type": "default",
			"enabled": true
		},
		{
			"key": "eas-id",
			"value": "",
			"type": "default",
			"enabled": true
		},
		{
			"key": "eas-name",
			"value": "",
			"type": "default",
			"enabled": true
		},
		{
			"key": "eas-enabled",
			"value": "",
			"type": "default",
			"enabled": true
		},
		{
			"key": "issuer-url",
			"value": "",
			"type": "default",
			"enabled": true
		},
		{
			"key": "jwks-uri",
			"value": "",
			"type": "default",
			"enabled": true
		},
		{
			"key": "linked-task-id",
			"value": "",
			"type": "default",
			"enabled": true
		}
	],
	"_postman_variable_scope": "environment",
	"_postman_exported_at": "2025-03-26T22:15:32.622Z",
	"_postman_exported_using": "Postman/11.36.3"
}